,ModelName,n_steps,r2,AIC,BIC
Unnamed 0,singleStep,,0.08734730365434618,56.40432510056927,58.32149708941504
1,multiStep_equalParams,2.0,0.6470138570507831,43.10535257657558,45.02252456542135
1,multiStep_varying_r,2.0,0.652419269407743,44.88930674955496,47.445536068016
1,multiStep_varying_alpha,2.0,0.6470768925248523,45.10285226470465,47.65908158316569
0,multiStep_2phase,1.0,0.6439238569748651,45.227373662091324,47.78360298055236
Unnamed 1,singleStep_extraDivs,,0.6502699007118788,42.975613331216536,44.89278532006231
