,ModelName,n_steps,r2,AIC,BIC
1,equalParams,2.0,0.9090363019342347,41.98908578677802,44.66020106046651
1,varying_r,2.0,0.9122729594951664,43.336939970438365,46.89842700202303
1,varying_alpha,2.0,0.9105063956974214,43.69580562806152,47.25729265964618
0,2phase,1.0,0.9055883458143239,44.65875808047098,48.220245112055636
Unnamed 0,singleStep_extraDivs,,0.9027134867970009,43.198683348866865,45.86979862255536
